feature,coefficient
gd_diff_last5,0.14202578667110835
home_gf_last5,0.10423473801763858
home_gd_last5,0.10118418639634835
home_advantage,0.06144058684076313
pts_diff_last5,0.012167848767102207
home_ga_last5,0.0030505516212898792
away_ga_last5,-0.004401857732216626
away_gd_last5,-0.04084160027475907
away_gf_last5,-0.045243458006976565
home_pts_last5,-0.059412827006598556
away_pts_last5,-0.07158067577370103
